{
    "zhen": {
        "noterm": {
            "CommandA_MT": {
                "bleu4": 42.066928927820356,
                "chrf2++": 72.86653660298087,
                "proper_term_success_rate": 0.6408928248141249,
                "random_term_success_rate": 0.8761080023465061,
                "consistency_frequent": 0.9208152040085562,
                "consistency_predefined": 0.5175220030778444
            },
            "Erlendur": {
                "bleu4": 42.65046558084656,
                "chrf2++": 73.9939903888222,
                "proper_term_success_rate": 0.6961794431658725,
                "random_term_success_rate": 0.8802985360893371,
                "consistency_frequent": 0.9214617354067588,
                "consistency_predefined": 0.553667428542842
            },
            "MeGuMa": {
                "bleu4": 30.829781596620208,
                "chrf2++": 68.3148184217875,
                "proper_term_success_rate": 0.5190644032687517,
                "random_term_success_rate": 0.8590989100530249,
                "consistency_frequent": 0.86988979118599,
                "consistency_predefined": 0.41074788858024236
            },
            "stitch": {
                "bleu4": 28.877101874744707,
                "chrf2++": 63.07042944549281,
                "proper_term_success_rate": 0.48521122945282186,
                "random_term_success_rate": 0.8007959904924736,
                "consistency_frequent": 0.8714039646433672,
                "consistency_predefined": 0.38757379995741514
            },
            "organizers_MADLAD": {
                "bleu4": 25.468454304631866,
                "chrf2++": 57.71188998662316,
                "proper_term_success_rate": 0.3309051003496933,
                "random_term_success_rate": 0.7520059544154739
            },
            "organizers_NLLB": {
                "bleu4": 25.20009989459501,
                "chrf2++": 59.832979480735396,
                "proper_term_success_rate": 0.2996215709787636,
                "random_term_success_rate": 0.758740611796318
            },
            "organizers_gpt-4.1-nano": {
                "bleu4": 28.760582984794866,
                "chrf2++": 63.680614778486614,
                "proper_term_success_rate": 0.4975007340620185,
                "random_term_success_rate": 0.8109623610070482
            }
        },
        "proper": {
            "CommandA_MT": {
                "bleu4": 46.74327754116061,
                "chrf2++": 75.52663012192876,
                "proper_term_success_rate": 0.8826445370268557,
                "random_term_success_rate": 0.8806538958305274,
                "consistency_frequent": 0.9300330922771287,
                "consistency_predefined": 0.761917589371206
            },
            "Erlendur": {
                "bleu4": 42.94173326141421,
                "chrf2++": 74.21016646282779,
                "proper_term_success_rate": 0.7188454974960238,
                "random_term_success_rate": 0.8793581974235297,
                "consistency_frequent": 0.9231783332059665,
                "consistency_predefined": 0.571811278084994
            },
            "MeGuMa": {
                "bleu4": 32.95668601681275,
                "chrf2++": 69.40884927598886,
                "proper_term_success_rate": 0.6243431998779786,
                "random_term_success_rate": 0.8675874824654296,
                "consistency_frequent": 0.8828624227265806,
                "consistency_predefined": 0.4858927653846349
            },
            "stitch": {
                "bleu4": 35.79030993738044,
                "chrf2++": 69.28917422211661,
                "proper_term_success_rate": 0.7479979328139599,
                "random_term_success_rate": 0.8490385925418518,
                "consistency_frequent": 0.8761084506492558,
                "consistency_predefined": 0.6295351473079634
            },
            "organizers_MADLAD": {},
            "organizers_NLLB": {},
            "organizers_gpt-4.1-nano": {
                "bleu4": 29.745931259530902,
                "chrf2++": 64.12379631294014,
                "proper_term_success_rate": 0.5789114342598602,
                "random_term_success_rate": 0.8157782593718428,
                "consistency_frequent": 0.8351621856188169,
                "consistency_predefined": 0.45246746896281087
            }
        },
        "random": {
            "CommandA_MT": {
                "bleu4": 43.08114680757294,
                "chrf2++": 73.65299530914525,
                "proper_term_success_rate": 0.6537468314126715,
                "random_term_success_rate": 0.8852118363112422,
                "consistency_frequent": 0.9221907319267288,
                "consistency_predefined": 0.5253185230746739
            },
            "Erlendur": {
                "bleu4": 42.62359565058065,
                "chrf2++": 74.03644034929172,
                "proper_term_success_rate": 0.6962210841169229,
                "random_term_success_rate": 0.8800416120369308,
                "consistency_frequent": 0.9192064627433185,
                "consistency_predefined": 0.5449681696315524
            },
            "MeGuMa": {
                "bleu4": 23.88308456239229,
                "chrf2++": 65.20666175199193,
                "proper_term_success_rate": 0.5154613742614654,
                "random_term_success_rate": 0.8643718246286137,
                "consistency_frequent": 0.8743719148321054,
                "consistency_predefined": 0.40385375880210195
            },
            "stitch": {
                "bleu4": 33.499971264901056,
                "chrf2++": 68.82078828769983,
                "proper_term_success_rate": 0.5439494009679676,
                "random_term_success_rate": 0.8610915676896231,
                "consistency_frequent": 0.9170895308553789,
                "consistency_predefined": 0.4299205779528683
            },
            "organizers_MADLAD": {},
            "organizers_NLLB": {},
            "organizers_gpt-4.1-nano": {
                "bleu4": 29.00079065636356,
                "chrf2++": 63.933971067166986,
                "proper_term_success_rate": 0.5000955358952425,
                "random_term_success_rate": 0.8172248106170046
            }
        }
    },
    "enzh": {
        "noterm": {
            "CommandA_MT": {
                "bleu4": 46.88974460755554,
                "chrf2++": 36.88427493532099,
                "proper_term_success_rate": 0.4913694137923868,
                "random_term_success_rate": 0.7282497104618653,
                "consistency_frequent": 0.8904574629745226,
                "consistency_predefined": 0.34924434787268893
            },
            "Erlendur": {
                "bleu4": 51.92899075320029,
                "chrf2++": 40.847036370999966,
                "proper_term_success_rate": 0.6033804123888291,
                "random_term_success_rate": 0.7705594276635951,
                "consistency_frequent": 0.8917060143834779,
                "consistency_predefined": 0.4406005153930629
            },
            "MeGuMa": {
                "bleu4": 42.68739880270471,
                "chrf2++": 33.69419390679079,
                "proper_term_success_rate": 0.4460798854823536,
                "random_term_success_rate": 0.7309708136555557,
                "consistency_frequent": 0.8320427673239127,
                "consistency_predefined": 0.3055740633139582
            },
            "stitch": {
                "bleu4": 40.09958566565455,
                "chrf2++": 31.845258448926312,
                "proper_term_success_rate": 0.411521763657386,
                "random_term_success_rate": 0.7122185874882392,
                "consistency_frequent": 0.8273557238148769,
                "consistency_predefined": 0.2594371443208053
            },
            "organizers_MADLAD": {
                "bleu4": 12.316669621983328,
                "chrf2++": 12.39738005992142,