{"ContexTerm": {"first": {"micro": 0.7159533073929961, "macro": 0.8379065559812687}, "frequent": {"micro": 0.7723735408560312, "macro": 0.8671683368506306}, "predefined": {"micro": 0.30739299610894943, "macro": 0.2509464400593433}}, "laniqo": {"first": {"micro": 0.6478599221789884, "macro": 0.793432588406704}, "frequent": {"micro": 0.6906614785992218, "macro": 0.8136587640754306}, "predefined": {"micro": 0.2821011673151751, "macro": 0.26775658981541334}}, "BIT": {"first": {"micro": 0.7237354085603113, "macro": 0.8833865389731312}, "frequent": {"micro": 0.7723735408560312, "macro": 0.8926058201058201}, "predefined": {"micro": 0.6128404669260701, "macro": 0.8287344623568367}}, "CommandA_MT": {"first": {"micro": 0.8346303501945526, "macro": 0.8948765432098765}, "frequent": {"micro": 0.8618677042801557, "macro": 0.9133024691358025}, "predefined": {"micro": 0.38132295719844356, "macro": 0.32667006196417964}}, "CurTermNLLB": {"first": {"micro": 0.6284046692607004, "macro": 0.8343191416961908}, "frequent": {"micro": 0.7898832684824902, "macro": 0.849006039006039}, "predefined": {"micro": 0.4260700389105058, "macro": 0.22537478861008273}}, "duterm": {"first": {"micro": 0.745136186770428, "macro": 0.8407731041134403}, "frequent": {"micro": 0.7879377431906615, "macro": 0.8631687870678997}, "predefined": {"micro": 0.3346303501945525, "macro": 0.2979710701484895}}, "Erlendur": {"first": {"micro": 0.7412451361867705, "macro": 0.8485642344369442}, "frequent": {"micro": 0.8035019455252919, "macro": 0.8754966814781754}, "predefined": {"micro": 0.3346303501945525, "macro": 0.3190094219505984}}, "LC-2": {"first": {"micro": 0.6147859922178989, "macro": 0.8477471466442055}, "frequent": {"micro": 0.7801556420233463, "macro": 0.8694657631838862}, "predefined": {"micro": 0.3151750972762646, "macro": 0.24554513158236563}}, "LC-3": {"first": {"micro": 0.6167315175097277, "macro": 0.842459901532683}, "frequent": {"micro": 0.7879377431906615, "macro": 0.8648153514279274}, "predefined": {"micro": 0.3132295719844358, "macro": 0.24152410827942744}}, "LC-primary": {"first": {"micro": 0.7607003891050583, "macro": 0.8542702643371003}, "frequent": {"micro": 0.791828793774319, "macro": 0.8721840813217342}, "predefined": {"micro": 0.3132295719844358, "macro": 0.23844026836048113}}, "MeGuMa": {"first": {"micro": 0.7723735408560312, "macro": 0.8654784073778489}, "frequent": {"micro": 0.7976653696498055, "macro": 0.8812488853219191}, "predefined": {"micro": 0.3404669260700389, "macro": 0.311847158218126}}, "o3-term-guide": {"first": {"micro": 0.7996108949416343, "macro": 0.8652835808438832}, "frequent": {"micro": 0.8326848249027238, "macro": 0.8854537133205341}, "predefined": {"micro": 0.5058365758754864, "macro": 0.36334485407066053}}, "salamandrata": {"first": {"micro": 0.7568093385214008, "macro": 0.847353714661407}, "frequent": {"micro": 0.811284046692607, "macro": 0.8817158458825127}, "predefined": {"micro": 0.5019455252918288, "macro": 0.3526320085143615}}, "TiUTermV0": {"first": {"micro": 0.6595330739299611, "macro": 0.8256074563630345}, "frequent": {"micro": 0.7198443579766537, "macro": 0.8487456693999984}, "predefined": {"micro": 0.33073929961089493, "macro": 0.2891112155818038}}, "TiUTermV1": {"first": {"micro": 0.6809338521400778, "macro": 0.8311077654297993}, "frequent": {"micro": 0.7178988326848249, "macro": 0.8486846643626305}, "predefined": {"micro": 0.3715953307392996, "macro": 0.3299865755510916}}, "tower": {"first": {"micro": 0.7665369649805448, "macro": 0.8698996065662732}, "frequent": {"micro": 0.811284046692607, "macro": 0.8850751151856124}, "predefined": {"micro": 0.3132295719844358, "macro": 0.2903201373789609}}, "TranssionMT": {"first": {"micro": 0.7976653696498055, "macro": 0.8735742814530195}, "frequent": {"micro": 0.8151750972762646, "macro": 0.8832568533715094}, "predefined": {"micro": 0.42996108949416345, "macro": 0.21671635102486167}}}