{"ContexTerm": {"first": {"micro": 0.6964980544747081, "macro": 0.8164612551352884}, "frequent": {"micro": 0.7470817120622568, "macro": 0.8435979750586493}, "predefined": {"micro": 0.4377431906614786, "macro": 0.5047292066642283}}, "laniqo": {"first": {"micro": 0.7315175097276264, "macro": 0.8703067025104662}, "frequent": {"micro": 0.7645914396887159, "macro": 0.8793340991367308}, "predefined": {"micro": 0.6206225680933852, "macro": 0.8177567075733215}}, "BIT": {"first": {"micro": 0.669260700389105, "macro": 0.8896803227808814}, "frequent": {"micro": 0.7762645914396887, "macro": 0.8980577601410935}, "predefined": {"micro": 0.6070038910505836, "macro": 0.8054529033700761}}, "CommandA_MT": {"first": {"micro": 0.7431906614785992, "macro": 0.8589062778669522}, "frequent": {"micro": 0.7859922178988327, "macro": 0.8776624988915491}, "predefined": {"micro": 0.5136186770428015, "macro": 0.6191086691086691}}, "CurTermNLLB": {"first": {"micro": 0.642023346303502, "macro": 0.8709782841138775}, "frequent": {"micro": 0.8210116731517509, "macro": 0.887903778320445}, "predefined": {"micro": 0.433852140077821, "macro": 0.23374958374958374}}, "duterm": {"first": {"micro": 0.7431906614785992, "macro": 0.8888220082040307}, "frequent": {"micro": 0.7704280155642024, "macro": 0.8950696107120689}, "predefined": {"micro": 0.6284046692607004, "macro": 0.823895790200138}}, "Erlendur": {"first": {"micro": 0.7276264591439688, "macro": 0.8880506509719994}, "frequent": {"micro": 0.7684824902723736, "macro": 0.8996896337678459}, "predefined": {"micro": 0.6147859922178989, "macro": 0.7671649029982364}}, "LC-2": {"first": {"micro": 0.6089494163424124, "macro": 0.8432565405880014}, "frequent": {"micro": 0.7470817120622568, "macro": 0.8622071292904626}, "predefined": {"micro": 0.4766536964980545, "macro": 0.5134381859791696}}, "LC-3": {"first": {"micro": 0.6128404669260701, "macro": 0.8534431893370442}, "frequent": {"micro": 0.7509727626459144, "macro": 0.8667832014517096}, "predefined": {"micro": 0.4785992217898833, "macro": 0.5198134136658726}}, "LC-primary": {"first": {"micro": 0.72568093385214, "macro": 0.8599432714601254}, "frequent": {"micro": 0.754863813229572, "macro": 0.8695814679148012}, "predefined": {"micro": 0.4805447470817121, "macro": 0.5219276473374834}}, "MeGuMa": {"first": {"micro": 0.7412451361867705, "macro": 0.8921303727483503}, "frequent": {"micro": 0.7762645914396887, "macro": 0.9020173805090006}, "predefined": {"micro": 0.622568093385214, "macro": 0.82547817604898}}, "o3-term-guide": {"first": {"micro": 0.7198443579766537, "macro": 0.8962394191326775}, "frequent": {"micro": 0.7859922178988327, "macro": 0.903935341505174}, "predefined": {"micro": 0.6381322957198443, "macro": 0.8446179987032453}}, "salamandrata": {"first": {"micro": 0.7217898832684825, "macro": 0.867045556452336}, "frequent": {"micro": 0.7665369649805448, "macro": 0.8861133404672731}, "predefined": {"micro": 0.5894941634241245, "macro": 0.7687372528154652}}, "TiUTermV0": {"first": {"micro": 0.6653696498054474, "macro": 0.8591885604816639}, "frequent": {"micro": 0.7354085603112841, "macro": 0.8858360389610389}, "predefined": {"micro": 0.5291828793774319, "macro": 0.6199552749276506}}, "TiUTermV1": {"first": {"micro": 0.6809338521400778, "macro": 0.8686961451247164}, "frequent": {"micro": 0.7217898832684825, "macro": 0.8852053627477356}, "predefined": {"micro": 0.5817120622568094, "macro": 0.7065642458100558}}, "tower": {"first": {"micro": 0.7859922178988327, "macro": 0.8999175138220082}, "frequent": {"micro": 0.8093385214007782, "macro": 0.9072869557506429}, "predefined": {"micro": 0.6381322957198443, "macro": 0.8473286335018179}}, "TranssionMT": {"first": {"micro": 0.7879377431906615, "macro": 0.8877697447694162}, "frequent": {"micro": 0.8190661478599222, "macro": 0.9007808395614079}, "predefined": {"micro": 0.4260700389105058, "macro": 0.22268772893772892}}}