{"ContexTerm": {"first": {"micro": 0.585603112840467, "macro": 0.814895540309905}, "frequent": {"micro": 0.7840466926070039, "macro": 0.8450754774785523}, "predefined": {"micro": 0.31712062256809337, "macro": 0.24541550146388855}}, "laniqo": {"first": {"micro": 0.5311284046692607, "macro": 0.8003834078009903}, "frequent": {"micro": 0.7062256809338522, "macro": 0.8239430918988929}, "predefined": {"micro": 0.2607003891050584, "macro": 0.22751306340016017}}, "BIT": {"first": {"micro": 0.7217898832684825, "macro": 0.8807927640329876}, "frequent": {"micro": 0.7723735408560312, "macro": 0.8928042328042328}, "predefined": {"micro": 0.6070038910505836, "macro": 0.8174316266157987}}, "CommandA_MT": {"first": {"micro": 0.8346303501945526, "macro": 0.8950992063492063}, "frequent": {"micro": 0.8657587548638133, "macro": 0.9127116402116403}, "predefined": {"micro": 0.5155642023346303, "macro": 0.32546859169199593}}, "CurTermNLLB": {"first": {"micro": 0.6245136186770428, "macro": 0.8401259200141882}, "frequent": {"micro": 0.7976653696498055, "macro": 0.8620067393810412}, "predefined": {"micro": 0.4455252918287938, "macro": 0.2394979203802733}}, "duterm": {"first": {"micro": 0.745136186770428, "macro": 0.8516754850088184}, "frequent": {"micro": 0.7821011673151751, "macro": 0.8703179036977919}, "predefined": {"micro": 0.321011673151751, "macro": 0.3056216931216931}}, "Erlendur": {"first": {"micro": 0.7859922178988327, "macro": 0.8651818419675564}, "frequent": {"micro": 0.8268482490272373, "macro": 0.880352684144819}, "predefined": {"micro": 0.49221789883268485, "macro": 0.31117724867724866}}, "LC-2": {"first": {"micro": 0.5642023346303502, "macro": 0.8057471264367817}, "frequent": {"micro": 0.7898832684824902, "macro": 0.8497451196278125}, "predefined": {"micro": 0.4357976653696498, "macro": 0.24687577953706982}}, "LC-3": {"first": {"micro": 0.5778210116731517, "macro": 0.8235238095238095}, "frequent": {"micro": 0.7996108949416343, "macro": 0.8574919177690344}, "predefined": {"micro": 0.44163424124513617, "macro": 0.24969195977260492}}, "LC-primary": {"first": {"micro": 0.7217898832684825, "macro": 0.8128887762001352}, "frequent": {"micro": 0.7996108949416343, "macro": 0.8455373671626647}, "predefined": {"micro": 0.44357976653696496, "macro": 0.24462283534864177}}, "MeGuMa": {"first": {"micro": 0.6789883268482491, "macro": 0.8453285639494411}, "frequent": {"micro": 0.7762645914396887, "macro": 0.8785373926106754}, "predefined": {"micro": 0.4571984435797665, "macro": 0.3050806315433975}}, "o3-term-guide": {"first": {"micro": 0.7859922178988327, "macro": 0.8910791019907042}, "frequent": {"micro": 0.8424124513618677, "macro": 0.9133761369716427}, "predefined": {"micro": 0.5155642023346303, "macro": 0.33986175115207373}}, "salamandrata": {"first": {"micro": 0.7782101167315175, "macro": 0.8607313190186119}, "frequent": {"micro": 0.8171206225680934, "macro": 0.8815096323429656}, "predefined": {"micro": 0.5136186770428015, "macro": 0.3360342272106978}}, "TiUTermV0": {"first": {"micro": 0.6809338521400778, "macro": 0.8212080790595246}, "frequent": {"micro": 0.7334630350194552, "macro": 0.8539088464639935}, "predefined": {"micro": 0.32684824902723736, "macro": 0.2921903260138554}}, "TiUTermV1": {"first": {"micro": 0.6750972762645915, "macro": 0.8178532473397878}, "frequent": {"micro": 0.7062256809338522, "macro": 0.8317944923877126}, "predefined": {"micro": 0.321011673151751, "macro": 0.2923929973929974}}, "tower": {"first": {"micro": 0.8035019455252919, "macro": 0.8928900159669392}, "frequent": {"micro": 0.8210116731517509, "macro": 0.8997799514283032}, "predefined": {"micro": 0.4571984435797665, "macro": 0.2923703660405788}}, "TranssionMT": {"first": {"micro": 0.8015564202334631, "macro": 0.8728759574306731}, "frequent": {"micro": 0.8210116731517509, "macro": 0.8837722643076245}, "predefined": {"micro": 0.433852140077821, "macro": 0.21312592549294676}}}