{"ContexTerm": {"first": {"micro": 0.5488029465930019, "macro": 0.7725053389000758}, "frequent": {"micro": 0.5966850828729282, "macro": 0.7833789475635007}, "predefined": {"micro": 0.13075506445672191, "macro": 0.16145932692542864}}, "laniqo": {"first": {"micro": 0.5948434622467772, "macro": 0.8139346957951609}, "frequent": {"micro": 0.6482504604051565, "macro": 0.8277028145147409}, "predefined": {"micro": 0.3296500920810313, "macro": 0.304763286359031}}, "BIT": {"first": {"micro": 0.7311233885819521, "macro": 0.8549838063171394}, "frequent": {"micro": 0.7624309392265194, "macro": 0.8676385122813693}, "predefined": {"micro": 0.5009208103130756, "macro": 0.6829757336307554}}, "CommandA_MT": {"first": {"micro": 0.6629834254143646, "macro": 0.8535539623774918}, "frequent": {"micro": 0.716390423572744, "macro": 0.8618986145891976}, "predefined": {"micro": 0.3720073664825046, "macro": 0.306515586903518}}, "CurTermNLLB": {"first": {"micro": 0.6022099447513812, "macro": 0.8013388603011246}, "frequent": {"micro": 0.6556169429097606, "macro": 0.8197126990965854}, "predefined": {"micro": 0.26887661141804786, "macro": 0.24844273513801407}}, "duterm": {"first": {"micro": 0.6574585635359116, "macro": 0.8324961992372709}, "frequent": {"micro": 0.6979742173112339, "macro": 0.8486900252525252}, "predefined": {"micro": 0.3848987108655617, "macro": 0.32270815604148934}}, "Erlendur": {"first": {"micro": 0.6040515653775322, "macro": 0.827121602121602}, "frequent": {"micro": 0.7071823204419889, "macro": 0.8451068985822348}, "predefined": {"micro": 0.35911602209944754, "macro": 0.30789188062894957}}, "LC-2": {"first": {"micro": 0.6427255985267035, "macro": 0.8222732748402394}, "frequent": {"micro": 0.6813996316758748, "macro": 0.8368852618852621}, "predefined": {"micro": 0.30386740331491713, "macro": 0.28793212959879627}}, "LC-3": {"first": {"micro": 0.6298342541436464, "macro": 0.8168561010489264}, "frequent": {"micro": 0.6721915285451197, "macro": 0.8321638196638199}, "predefined": {"micro": 0.3001841620626151, "macro": 0.2879806921473588}}, "LC-primary": {"first": {"micro": 0.6353591160220995, "macro": 0.816878929602144}, "frequent": {"micro": 0.6740331491712708, "macro": 0.8314423189423191}, "predefined": {"micro": 0.30755064456721914, "macro": 0.30021845438512107}}, "MeGuMa": {"first": {"micro": 0.6482504604051565, "macro": 0.8334153514646788}, "frequent": {"micro": 0.7090239410681399, "macro": 0.8465722273757988}, "predefined": {"micro": 0.3867403314917127, "macro": 0.3485972360972361}}, "o3-term-guide": {"first": {"micro": 0.6887661141804788, "macro": 0.8607406107406106}, "frequent": {"micro": 0.7403314917127072, "macro": 0.8711385086385085}, "predefined": {"micro": 0.4088397790055249, "macro": 0.3546326877145843}}, "salamandrata": {"first": {"micro": 0.6942909760589319, "macro": 0.8501137751137753}, "frequent": {"micro": 0.7274401473296501, "macro": 0.8629517468082492}, "predefined": {"micro": 0.37937384898710863, "macro": 0.34083429740757326}}, "TiUTermV0": {"first": {"micro": 0.6942909760589319, "macro": 0.8309717809717809}, "frequent": {"micro": 0.7292817679558011, "macro": 0.846843284920208}, "predefined": {"micro": 0.3296500920810313, "macro": 0.2728979353979354}}, "TiUTermV1": {"first": {"micro": 0.6721915285451197, "macro": 0.829268288754896}, "frequent": {"micro": 0.7108655616942909, "macro": 0.8402042648709316}, "predefined": {"micro": 0.31675874769797424, "macro": 0.32530996661897954}}, "tower": {"first": {"micro": 0.6685082872928176, "macro": 0.8394918111285824}, "frequent": {"micro": 0.7182320441988951, "macro": 0.8591104973457914}, "predefined": {"micro": 0.3738489871086556, "macro": 0.32004858517734047}}, "TranssionMT": {"first": {"micro": 0.9300184162062615, "macro": 0.7682942708333333}, "frequent": {"micro": 0.9337016574585635, "macro": 0.7310618636564851}, "predefined": {"micro": 0.0, "macro": 0.0}}}