{"ContexTerm": {"first": {"micro": 0.550185873605948, "macro": 0.7387903211369327}, "frequent": {"micro": 0.5985130111524164, "macro": 0.7560023891610718}, "predefined": {"micro": 0.42379182156133827, "macro": 0.5058824935100694}}, "laniqo": {"first": {"micro": 0.7137546468401487, "macro": 0.8303108724693843}, "frequent": {"micro": 0.758364312267658, "macro": 0.8560660315916834}, "predefined": {"micro": 0.6003717472118959, "macro": 0.741746413046506}}, "BIT": {"first": {"micro": 0.7156133828996283, "macro": 0.85007065722695}, "frequent": {"micro": 0.7695167286245354, "macro": 0.8675099806676997}, "predefined": {"micro": 0.5204460966542751, "macro": 0.7146060347446175}}, "CommandA_MT": {"first": {"micro": 0.7007434944237918, "macro": 0.8280868307047695}, "frequent": {"micro": 0.7639405204460966, "macro": 0.8452068400294607}, "predefined": {"micro": 0.47026022304832715, "macro": 0.6581998081769831}}, "CurTermNLLB": {"first": {"micro": 0.7490706319702602, "macro": 0.8446075401840134}, "frequent": {"micro": 0.7936802973977695, "macro": 0.8749632284311519}, "predefined": {"micro": 0.5594795539033457, "macro": 0.6133684198577078}}, "duterm": {"first": {"micro": 0.7434944237918215, "macro": 0.8469459907995001}, "frequent": {"micro": 0.7732342007434945, "macro": 0.8598490681395247}, "predefined": {"micro": 0.5464684014869888, "macro": 0.771889235394151}}, "Erlendur": {"first": {"micro": 0.6895910780669146, "macro": 0.8112255361234977}, "frequent": {"micro": 0.7472118959107806, "macro": 0.8380117635943577}, "predefined": {"micro": 0.5111524163568774, "macro": 0.7290177445112963}}, "EuroLLM-ft": {"first": {"micro": 0.6988847583643123, "macro": 0.8115734019641208}, "frequent": {"micro": 0.7230483271375465, "macro": 0.8249060633238852}, "predefined": {"micro": 0.44981412639405205, "macro": 0.33681767648115135}}, "LC-2": {"first": {"micro": 0.7007434944237918, "macro": 0.8320134480124338}, "frequent": {"micro": 0.7379182156133829, "macro": 0.8544193811162847}, "predefined": {"micro": 0.4851301115241636, "macro": 0.5752861415125855}}, "LC-3": {"first": {"micro": 0.6877323420074349, "macro": 0.8260303851642347}, "frequent": {"micro": 0.7453531598513011, "macro": 0.8563826385999619}, "predefined": {"micro": 0.4962825278810409, "macro": 0.5846485272734204}}, "LC-primary": {"first": {"micro": 0.6933085501858736, "macro": 0.8154203877692472}, "frequent": {"micro": 0.7360594795539034, "macro": 0.8358281736850318}, "predefined": {"micro": 0.49070631970260226, "macro": 0.5683659389152665}}, "MarianMT-ft": {"first": {"micro": 0.33643122676579923, "macro": 0.5122248846854298}, "frequent": {"micro": 0.39776951672862454, "macro": 0.5406667933837377}, "predefined": {"micro": 0.1691449814126394, "macro": 0.12731872317963458}}, "MeGuMa": {"first": {"micro": 0.6895910780669146, "macro": 0.850028306666347}, "frequent": {"micro": 0.7788104089219331, "macro": 0.8694663364237047}, "predefined": {"micro": 0.5278810408921933, "macro": 0.7231231656053538}}, "o3-term-guide": {"first": {"micro": 0.7379182156133829, "macro": 0.8500158950585146}, "frequent": {"micro": 0.7713754646840149, "macro": 0.8666466657680052}, "predefined": {"micro": 0.533457249070632, "macro": 0.7460279653887852}}, "salamandrata": {"first": {"micro": 0.7490706319702602, "macro": 0.85603692814882}, "frequent": {"micro": 0.7788104089219331, "macro": 0.8727422215782517}, "predefined": {"micro": 0.5111524163568774, "macro": 0.7123893190382746}}, "Systran_generic_ft": {"first": {"micro": 0.7825278810408922, "macro": 0.8623298409241488}, "frequent": {"micro": 0.8178438661710037, "macro": 0.8805163970443318}, "predefined": {"micro": 0.5390334572490706, "macro": 0.389189255401594}}, "TiUTermV0": {"first": {"micro": 0.7137546468401487, "macro": 0.8270534938606608}, "frequent": {"micro": 0.7676579925650557, "macro": 0.8504102911928431}, "predefined": {"micro": 0.5055762081784386, "macro": 0.5814113067268646}}, "TiUTermV1": {"first": {"micro": 0.7286245353159851, "macro": 0.8384177539249941}, "frequent": {"micro": 0.7676579925650557, "macro": 0.8574862788393323}, "predefined": {"micro": 0.5092936802973977, "macro": 0.6539198381111665}}, "tower": {"first": {"micro": 0.7304832713754646, "macro": 0.853682654456436}, "frequent": {"micro": 0.7806691449814126, "macro": 0.8762165068620494}, "predefined": {"micro": 0.5910780669144982, "macro": 0.7525459270333813}}, "TranssionMT": {"first": {"micro": 0.01858736059479554, "macro": 0.03062711423367161}, "frequent": {"micro": 0.016728624535315983, "macro": 0.03187613843351548}, "predefined": {"micro": 0.0, "macro": 0.0}}}