{"ContexTerm": {"first": {"micro": 0.6243093922651933, "macro": 0.8381799745196938}, "frequent": {"micro": 0.7108655616942909, "macro": 0.8582957884327747}, "predefined": {"micro": 0.4843462246777164, "macro": 0.6176759834368529}}, "laniqo": {"first": {"micro": 0.7569060773480663, "macro": 0.8884424395369095}, "frequent": {"micro": 0.8047882136279927, "macro": 0.8934589476064132}, "predefined": {"micro": 0.6022099447513812, "macro": 0.7637595273057828}}, "BIT": {"first": {"micro": 0.7274401473296501, "macro": 0.8597363945578232}, "frequent": {"micro": 0.7569060773480663, "macro": 0.8689403559403559}, "predefined": {"micro": 0.5119705340699816, "macro": 0.6791911175244508}}, "CommandA_MT": {"first": {"micro": 0.7311233885819521, "macro": 0.8571409158853104}, "frequent": {"micro": 0.7716390423572744, "macro": 0.8747864357864358}, "predefined": {"micro": 0.44567219152854515, "macro": 0.5379064661392248}}, "CurTermNLLB": {"first": {"micro": 0.7255985267034991, "macro": 0.859814006052944}, "frequent": {"micro": 0.7697974217311234, "macro": 0.8758570602182937}, "predefined": {"micro": 0.5267034990791897, "macro": 0.6621889512719207}}, "duterm": {"first": {"micro": 0.7329650092081031, "macro": 0.8512062789717656}, "frequent": {"micro": 0.7569060773480663, "macro": 0.8630704870615185}, "predefined": {"micro": 0.47882136279926335, "macro": 0.6275584669857797}}, "Erlendur": {"first": {"micro": 0.7311233885819521, "macro": 0.8500941157607823}, "frequent": {"micro": 0.7642725598526704, "macro": 0.8628843995510662}, "predefined": {"micro": 0.4880294659300184, "macro": 0.5944900872074785}}, "LC-2": {"first": {"micro": 0.6740331491712708, "macro": 0.8454250594661554}, "frequent": {"micro": 0.7255985267034991, "macro": 0.8565953112544022}, "predefined": {"micro": 0.43646408839779005, "macro": 0.5000715199405155}}, "LC-3": {"first": {"micro": 0.6998158379373849, "macro": 0.8472184847184847}, "frequent": {"micro": 0.7274401473296501, "macro": 0.8565701612786816}, "predefined": {"micro": 0.4419889502762431, "macro": 0.508805144394664}}, "LC-primary": {"first": {"micro": 0.6979742173112339, "macro": 0.8482890357890358}, "frequent": {"micro": 0.7237569060773481, "macro": 0.8576892962543188}, "predefined": {"micro": 0.44014732965009207, "macro": 0.5066217382811269}}, "MeGuMa": {"first": {"micro": 0.7587476979742173, "macro": 0.8782234011028655}, "frequent": {"micro": 0.7790055248618785, "macro": 0.885791774244689}, "predefined": {"micro": 0.5524861878453039, "macro": 0.727744392547024}}, "o3-term-guide": {"first": {"micro": 0.7384898710865562, "macro": 0.8538228364555797}, "frequent": {"micro": 0.7587476979742173, "macro": 0.8608504088504088}, "predefined": {"micro": 0.5046040515653776, "macro": 0.6436522176653755}}, "salamandrata": {"first": {"micro": 0.7292817679558011, "macro": 0.8526364971298891}, "frequent": {"micro": 0.7569060773480663, "macro": 0.8642316017316016}, "predefined": {"micro": 0.48066298342541436, "macro": 0.5987769144974384}}, "TiUTermV0": {"first": {"micro": 0.716390423572744, "macro": 0.8447993405230247}, "frequent": {"micro": 0.7476979742173112, "macro": 0.8558471887011709}, "predefined": {"micro": 0.39042357274401474, "macro": 0.4417371062845201}}, "TiUTermV1": {"first": {"micro": 0.714548802946593, "macro": 0.8449660830241186}, "frequent": {"micro": 0.7458563535911602, "macro": 0.8594146803422821}, "predefined": {"micro": 0.4438305709023941, "macro": 0.5496298733082874}}, "tower": {"first": {"micro": 0.7108655616942909, "macro": 0.8523165502147803}, "frequent": {"micro": 0.7550644567219152, "macro": 0.8683875043740513}, "predefined": {"micro": 0.4732965009208103, "macro": 0.6078624508139926}}, "TranssionMT": {"first": {"micro": 0.9060773480662984, "macro": 0.779372568617652}, "frequent": {"micro": 0.9318600368324125, "macro": 0.7759442610927759}, "predefined": {"micro": 0.0, "macro": 0.0}}}