{"ContexTerm": {"first": {"micro": 0.5055762081784386, "macro": 0.6986768961569924}, "frequent": {"micro": 0.5613382899628253, "macro": 0.7233420665235789}, "predefined": {"micro": 0.2137546468401487, "macro": 0.22537707675030896}}, "laniqo": {"first": {"micro": 0.6840148698884758, "macro": 0.789717448439175}, "frequent": {"micro": 0.7267657992565055, "macro": 0.8097084452629721}, "predefined": {"micro": 0.46096654275092935, "macro": 0.31356962194420346}}, "BIT": {"first": {"micro": 0.7137546468401487, "macro": 0.8568431445305394}, "frequent": {"micro": 0.7713754646840149, "macro": 0.8744109111496436}, "predefined": {"micro": 0.5278810408921933, "macro": 0.7189912730665234}}, "CommandA_MT": {"first": {"micro": 0.7527881040892194, "macro": 0.8300236876604267}, "frequent": {"micro": 0.8104089219330854, "macro": 0.8545231897568322}, "predefined": {"micro": 0.5278810408921933, "macro": 0.38563676479745335}}, "CurTermNLLB": {"first": {"micro": 0.7695167286245354, "macro": 0.838399958601197}, "frequent": {"micro": 0.8197026022304833, "macro": 0.8607456946050921}, "predefined": {"micro": 0.5130111524163569, "macro": 0.3233078315754069}}, "duterm": {"first": {"micro": 0.7304832713754646, "macro": 0.8410284369380875}, "frequent": {"micro": 0.79182156133829, "macro": 0.8669019778065281}, "predefined": {"micro": 0.4758364312267658, "macro": 0.36486010165235255}}, "Erlendur": {"first": {"micro": 0.7620817843866171, "macro": 0.8400303681990448}, "frequent": {"micro": 0.8159851301115242, "macro": 0.8718299265666422}, "predefined": {"micro": 0.5260223048327137, "macro": 0.36950971704889446}}, "EuroLLM-ft": {"first": {"micro": 0.6988847583643123, "macro": 0.8073916877357001}, "frequent": {"micro": 0.7304832713754646, "macro": 0.8283949753941641}, "predefined": {"micro": 0.4479553903345725, "macro": 0.33088411269903373}}, "LC-2": {"first": {"micro": 0.7342007434944238, "macro": 0.8375339245939114}, "frequent": {"micro": 0.7732342007434945, "macro": 0.8582622497174148}, "predefined": {"micro": 0.4721189591078067, "macro": 0.3632775109589006}}, "LC-3": {"first": {"micro": 0.7323420074349443, "macro": 0.8376783902084105}, "frequent": {"micro": 0.7676579925650557, "macro": 0.8572389684994273}, "predefined": {"micro": 0.4721189591078067, "macro": 0.3688314807985847}}, "LC-primary": {"first": {"micro": 0.7286245353159851, "macro": 0.8398002624424894}, "frequent": {"micro": 0.7676579925650557, "macro": 0.8534520417611233}, "predefined": {"micro": 0.47026022304832715, "macro": 0.3594676303633057}}, "MarianMT-ft": {"first": {"micro": 0.7546468401486989, "macro": 0.8479358755818461}, "frequent": {"micro": 0.7936802973977695, "macro": 0.8638243893980653}, "predefined": {"micro": 0.5687732342007435, "macro": 0.43499824771823814}}, "MeGuMa": {"first": {"micro": 0.7472118959107806, "macro": 0.8425208787695887}, "frequent": {"micro": 0.7843866171003717, "macro": 0.8562686704242953}, "predefined": {"micro": 0.41821561338289964, "macro": 0.33931763956455413}}, "o3-term-guide": {"first": {"micro": 0.7992565055762082, "macro": 0.8658715353653794}, "frequent": {"micro": 0.845724907063197, "macro": 0.8879662317931594}, "predefined": {"micro": 0.5631970260223048, "macro": 0.39719073348317724}}, "salamandrata": {"first": {"micro": 0.8178438661710037, "macro": 0.8667497405636226}, "frequent": {"micro": 0.8420074349442379, "macro": 0.8852868543250941}, "predefined": {"micro": 0.5780669144981413, "macro": 0.44876880260093244}}, "Systran_generic_ft": {"first": {"micro": 0.7769516728624535, "macro": 0.8619017322111564}, "frequent": {"micro": 0.8252788104089219, "macro": 0.8823464046435701}, "predefined": {"micro": 0.550185873605948, "macro": 0.39881527752761614}}, "TiUTermV0": {"first": {"micro": 0.6635687732342007, "macro": 0.8262762136940338}, "frequent": {"micro": 0.7639405204460966, "macro": 0.853522198780201}, "predefined": {"micro": 0.48141263940520446, "macro": 0.4385615095878893}}, "TiUTermV1": {"first": {"micro": 0.6933085501858736, "macro": 0.8357379548556019}, "frequent": {"micro": 0.7862453531598513, "macro": 0.8789898096079165}, "predefined": {"micro": 0.5, "macro": 0.4158685049120247}}, "tower": {"first": {"micro": 0.7527881040892194, "macro": 0.8523988200283558}, "frequent": {"micro": 0.7992565055762082, "macro": 0.8791115893766306}, "predefined": {"micro": 0.5130111524163569, "macro": 0.40614598572016397}}, "TranssionMT": {"first": {"micro": 0.013011152416356878, "macro": 0.01899174970534662}, "frequent": {"micro": 0.011152416356877323, "macro": 0.020036429872495445}, "predefined": {"micro": 0.0, "macro": 0.0}}}