{"ContexTerm": {"first": {"micro": 0.49814126394052044, "macro": 0.7117573746001157}, "frequent": {"micro": 0.5483271375464684, "macro": 0.7495583099380915}, "predefined": {"micro": 0.1895910780669145, "macro": 0.20630677942796968}}, "laniqo": {"first": {"micro": 0.6840148698884758, "macro": 0.8041098691470208}, "frequent": {"micro": 0.7286245353159851, "macro": 0.8289705376949086}, "predefined": {"micro": 0.46654275092936803, "macro": 0.36739264313239595}}, "BIT": {"first": {"micro": 0.7044609665427509, "macro": 0.8496192471570839}, "frequent": {"micro": 0.7936802973977695, "macro": 0.876046227448866}, "predefined": {"micro": 0.47026022304832715, "macro": 0.3929480075616579}}, "CommandA_MT": {"first": {"micro": 0.7806691449814126, "macro": 0.8538555548381712}, "frequent": {"micro": 0.8252788104089219, "macro": 0.875228254186247}, "predefined": {"micro": 0.5483271375464684, "macro": 0.41894349075123816}}, "CurTermNLLB": {"first": {"micro": 0.7286245353159851, "macro": 0.8240585828084992}, "frequent": {"micro": 0.7806691449814126, "macro": 0.8531993603610407}, "predefined": {"micro": 0.4739776951672863, "macro": 0.32164948786951236}}, "duterm": {"first": {"micro": 0.7788104089219331, "macro": 0.8690792402696479}, "frequent": {"micro": 0.8178438661710037, "macro": 0.8865506948925086}, "predefined": {"micro": 0.5464684014869888, "macro": 0.42344065694454497}}, "Erlendur": {"first": {"micro": 0.7565055762081785, "macro": 0.8443873213293529}, "frequent": {"micro": 0.8029739776951673, "macro": 0.8647175681664955}, "predefined": {"micro": 0.5074349442379182, "macro": 0.37026193244936834}}, "EuroLLM-ft": {"first": {"micro": 0.6858736059479554, "macro": 0.8094920573467284}, "frequent": {"micro": 0.7323420074349443, "macro": 0.8309020348415392}, "predefined": {"micro": 0.45353159851301117, "macro": 0.34440339953648763}}, "LC-2": {"first": {"micro": 0.6970260223048327, "macro": 0.8332850185073891}, "frequent": {"micro": 0.7565055762081785, "macro": 0.8645057727050219}, "predefined": {"micro": 0.4423791821561338, "macro": 0.36009794104690596}}, "LC-3": {"first": {"micro": 0.6988847583643123, "macro": 0.8195616451113321}, "frequent": {"micro": 0.7490706319702602, "macro": 0.8497213087416892}, "predefined": {"micro": 0.4312267657992565, "macro": 0.35446942322326624}}, "LC-primary": {"first": {"micro": 0.7063197026022305, "macro": 0.836073805367115}, "frequent": {"micro": 0.7509293680297398, "macro": 0.8576560606198905}, "predefined": {"micro": 0.4349442379182156, "macro": 0.3575387938449016}}, "MarianMT-ft": {"first": {"micro": 0.741635687732342, "macro": 0.8347989380274426}, "frequent": {"micro": 0.7843866171003717, "macro": 0.8508806554808865}, "predefined": {"micro": 0.5594795539033457, "macro": 0.42927612619327105}}, "MeGuMa": {"first": {"micro": 0.7657992565055762, "macro": 0.8656285546291673}, "frequent": {"micro": 0.8178438661710037, "macro": 0.8841708816948177}, "predefined": {"micro": 0.5037174721189591, "macro": 0.4207653085693939}}, "o3-term-guide": {"first": {"micro": 0.79182156133829, "macro": 0.8616845209324123}, "frequent": {"micro": 0.8420074349442379, "macro": 0.8913155274013601}, "predefined": {"micro": 0.5204460966542751, "macro": 0.3769558644837067}}, "salamandrata": {"first": {"micro": 0.7788104089219331, "macro": 0.8507828558023687}, "frequent": {"micro": 0.8271375464684015, "macro": 0.8788129503064519}, "predefined": {"micro": 0.5520446096654275, "macro": 0.4695490154672363}}, "Systran_generic_ft": {"first": {"micro": 0.79182156133829, "macro": 0.8730301983649664}, "frequent": {"micro": 0.8252788104089219, "macro": 0.8863466866854165}, "predefined": {"micro": 0.5446096654275093, "macro": 0.3880823921504218}}, "TiUTermV0": {"first": {"micro": 0.7118959107806692, "macro": 0.838322437560883}, "frequent": {"micro": 0.7620817843866171, "macro": 0.850810802343632}, "predefined": {"micro": 0.48698884758364314, "macro": 0.4429143798440785}}, "TiUTermV1": {"first": {"micro": 0.6877323420074349, "macro": 0.8292918621994253}, "frequent": {"micro": 0.7676579925650557, "macro": 0.8635889940105147}, "predefined": {"micro": 0.5260223048327137, "macro": 0.4539554945736199}}, "tower": {"first": {"micro": 0.7360594795539034, "macro": 0.8564974488634257}, "frequent": {"micro": 0.7825278810408922, "macro": 0.8774350664351884}, "predefined": {"micro": 0.4962825278810409, "macro": 0.410987627292027}}, "TranssionMT": {"first": {"micro": 0.024163568773234202, "macro": 0.054966248794599805}, "frequent": {"micro": 0.022304832713754646, "macro": 0.05555555555555555}, "predefined": {"micro": 0.0, "macro": 0.0}}}