{"ContexTerm": {"first": {"micro": 0.574585635359116, "macro": 0.7987654386941375}, "frequent": {"micro": 0.6279926335174953, "macro": 0.8083682548510079}, "predefined": {"micro": 0.10865561694290976, "macro": 0.12179541040300534}}, "laniqo": {"first": {"micro": 0.567219152854512, "macro": 0.823825647089536}, "frequent": {"micro": 0.6519337016574586, "macro": 0.8316560912451323}, "predefined": {"micro": 0.30939226519337015, "macro": 0.25106729690063023}}, "BIT": {"first": {"micro": 0.7384898710865562, "macro": 0.8602565335898669}, "frequent": {"micro": 0.7624309392265194, "macro": 0.8690978034311366}, "predefined": {"micro": 0.4990791896869245, "macro": 0.6723264743088531}}, "CommandA_MT": {"first": {"micro": 0.7071823204419889, "macro": 0.8578499736756617}, "frequent": {"micro": 0.7255985267034991, "macro": 0.8637491718939683}, "predefined": {"micro": 0.30386740331491713, "macro": 0.2710514793848127}}, "CurTermNLLB": {"first": {"micro": 0.6316758747697975, "macro": 0.8346905486857642}, "frequent": {"micro": 0.6942909760589319, "macro": 0.8474850882869751}, "predefined": {"micro": 0.23756906077348067, "macro": 0.19323822364076604}}, "duterm": {"first": {"micro": 0.6961325966850829, "macro": 0.8533295593810317}, "frequent": {"micro": 0.7348066298342542, "macro": 0.8684047639033788}, "predefined": {"micro": 0.3278084714548803, "macro": 0.2739241690512877}}, "Erlendur": {"first": {"micro": 0.6335174953959485, "macro": 0.8436082462047375}, "frequent": {"micro": 0.7108655616942909, "macro": 0.859524877534746}, "predefined": {"micro": 0.3738489871086556, "macro": 0.30650863966541936}}, "LC-2": {"first": {"micro": 0.6629834254143646, "macro": 0.8380517406038378}, "frequent": {"micro": 0.6961325966850829, "macro": 0.8434401412079984}, "predefined": {"micro": 0.2946593001841621, "macro": 0.2498959021204784}}, "LC-3": {"first": {"micro": 0.6648250460405156, "macro": 0.8402432534785477}, "frequent": {"micro": 0.6998158379373849, "macro": 0.8441231663204758}, "predefined": {"micro": 0.2983425414364641, "macro": 0.2533199733411598}}, "LC-primary": {"first": {"micro": 0.6593001841620626, "macro": 0.8359107658214802}, "frequent": {"micro": 0.6942909760589319, "macro": 0.8423028112760257}, "predefined": {"micro": 0.29097605893186, "macro": 0.24654138234646714}}, "MeGuMa": {"first": {"micro": 0.6611418047882136, "macro": 0.8419114268890053}, "frequent": {"micro": 0.6924493554327809, "macro": 0.8529620404620404}, "predefined": {"micro": 0.31123388581952116, "macro": 0.24697604493741832}}, "o3-term-guide": {"first": {"micro": 0.7071823204419889, "macro": 0.8690126564575904}, "frequent": {"micro": 0.7513812154696132, "macro": 0.8828165226843638}, "predefined": {"micro": 0.39594843462246776, "macro": 0.33029963863297196}}, "salamandrata": {"first": {"micro": 0.6611418047882136, "macro": 0.8623522969111205}, "frequent": {"micro": 0.7421731123388582, "macro": 0.8691494591937071}, "predefined": {"micro": 0.37937384898710863, "macro": 0.3129248837582171}}, "TiUTermV0": {"first": {"micro": 0.7053406998158379, "macro": 0.839120822718931}, "frequent": {"micro": 0.7421731123388582, "macro": 0.8493916281587515}, "predefined": {"micro": 0.3812154696132597, "macro": 0.274579022672243}}, "TiUTermV1": {"first": {"micro": 0.7071823204419889, "macro": 0.8302958756219626}, "frequent": {"micro": 0.7384898710865562, "macro": 0.8441343529005867}, "predefined": {"micro": 0.39226519337016574, "macro": 0.28992278407172023}}, "tower": {"first": {"micro": 0.7034990791896869, "macro": 0.8572464531535328}, "frequent": {"micro": 0.7440147329650092, "macro": 0.870210480276852}, "predefined": {"micro": 0.3406998158379374, "macro": 0.2634017230415535}}, "TranssionMT": {"first": {"micro": 0.9189686924493554, "macro": 0.8023293145641094}, "frequent": {"micro": 0.9337016574585635, "macro": 0.846530084902178}, "predefined": {"micro": 0.0, "macro": 0.0}}}