{
  "best_global_step": null,
  "best_metric": null,
  "best_model_checkpoint": null,
  "epoch": 1.0,
  "eval_steps": 500,
  "global_step": 31,
  "is_hyper_param_search": false,
  "is_local_process_zero": true,
  "is_world_process_zero": true,
  "log_history": [
    {
      "entropy": 2.9346612453460694,
      "epoch": 0.32653061224489793,
      "grad_norm": 0.3418498635292053,
      "learning_rate": 0.00014193548387096775,
      "loss": 3.256917190551758,
      "mean_token_accuracy": 0.5015418384224176,
      "num_tokens": 7640.0,
      "step": 10
    },
    {
      "entropy": 2.338726930320263,
      "epoch": 0.6530612244897959,
      "grad_norm": 0.2759692668914795,
      "learning_rate": 7.741935483870968e-05,
      "loss": 2.3089189529418945,
      "mean_token_accuracy": 0.5803845647722483,
      "num_tokens": 15993.0,
      "step": 20
    },
    {
      "entropy": 2.047252894937992,
      "epoch": 0.9795918367346939,
      "grad_norm": 0.251489520072937,
      "learning_rate": 1.2903225806451613e-05,
      "loss": 1.8498931884765626,
      "mean_token_accuracy": 0.6577069662511349,
      "num_tokens": 23753.0,
      "step": 30
    }
  ],
  "logging_steps": 10,
  "max_steps": 31,
  "num_input_tokens_seen": 0,
  "num_train_epochs": 1,
  "save_steps": 500,
  "stateful_callbacks": {
    "TrainerControl": {
      "args": {
        "should_epoch_stop": false,
        "should_evaluate": false,
        "should_log": false,
        "should_save": true,
        "should_training_stop": true
      },
      "attributes": {}
    }
  },
  "total_flos": 65264620608000.0,
  "train_batch_size": 2,
  "trial_name": null,
  "trial_params": null
}
